flight,gp_epsilon,embedding,plans,cert_med_s,cert_p5_s,cert_min_s,zero_cert_plans,uncertified_pct,escape_pct,escape_max_m,tube_halfwidth_025,rmse_y,rmse_altitude,final_altitude,lowest_altitude,lowest_certified_tube,max_attitude_deg,rollout_ms_med,rollout_ms_p99,control_period_p99_ms,backup_at_s,variant,case,seed,final_error_to_goal,min_altitude_true,wall_s
A_calm_s0,0.25,uw,32,0.63,0.5255000000000001,0.44,0,0.0,0.0,0.0,0.02182046090746983,0.001337170235022001,0.0005869987979925037,0.9949935698636299,0.9706783233108862,0.7752202518627972,28.083978718699175,6.71593050356023,8.217844907776453,10.000000000001563,,A: TV-GPR + (68)-(69),calm,0,0.0037942830891772683,0.9706783233108862,7.21407413482666
A_windsx0p3_s0,0.25,uw,33,0.62,0.498,0.46,0,0.0,0.0,0.00020045723082384725,0.022723213546376183,0.004401476363565294,0.00391525123962253,0.897176853838203,0.8292666108614496,0.630292796700474,26.58418229025834,8.972664014436305,13.358637979254127,10.000000000001563,,A: TV-GPR + (68)-(69),winds x0.3,0,0.1899753222654721,0.8292666108614496,7.7707905769348145
A_windsx0p3_s1,0.25,uw,34,0.61,0.4995,0.46,0,0.0,0.0,0.00020045723082384725,0.024310471309582676,0.003764561172541221,0.004346998440917279,1.034709876904178,1.0112289149384497,0.7939032335498564,26.730293513239964,8.004816510947421,12.940648163494192,10.000000000001563,,A: TV-GPR + (68)-(69),winds x0.3,1,0.3166095469962938,1.0112289149384497,8.167807817459106
A_windsx0p3_s2,0.25,uw,33,0.62,0.498,0.46,0,0.0,0.0,0.00020045723082384725,0.023258464614118127,0.00404868072944796,0.004625629089976414,1.0920007939721588,1.0191530347959048,0.8080289454977996,26.764940691283705,6.790277024265379,7.787951355567202,10.000000000001563,,A: TV-GPR + (68)-(69),winds x0.3,2,0.12846748757983184,1.0191530347959048,7.960533857345581
A_windsx0p6_s0,0.25,uw,34,0.61,0.4895,0.45,0,0.0,0.0,0.0005032626816410257,0.024354528839848403,0.007988601996906415,0.008792718020195772,0.7381230871083959,0.6075904601770863,0.40683616688461405,36.6553812176366,6.4584520005155355,8.949815591040535,10.000000000001563,,A: TV-GPR + (68)-(69),winds x0.6,0,0.3214935039907048,0.6075904601770863,7.22578763961792
A_windsx0p6_s1,0.25,uw,34,0.6,0.4895,0.45,0,0.0,0.0,0.0005032626816410257,0.02479796496980558,0.00688438543605903,0.007088686058793639,1.2351435674279272,1.1515663355621772,0.9397386139699156,37.09085261920499,6.017381005221978,6.934591291937977,10.000000000001563,,A: TV-GPR + (68)-(69),winds x0.6,1,0.753150658467808,1.1515663355621772,6.096731901168823
A_windsx0p6_s2,0.25,uw,35,0.6,0.491,0.45,0,0.0,0.0,0.0005032626816410257,0.025902626349349853,0.007983745290549979,0.008009408052121112,1.1688543589688114,1.127422082743317,0.9085968641635314,37.55815443027008,7.096140005160123,8.201342192478478,10.000000000001563,,A: TV-GPR + (68)-(69),winds x0.6,2,0.27001165040800157,1.127422082743317,6.005580425262451
A_windsx1p0_s0,0.25,uw,36,0.5700000000000001,0.4675,0.41000000000000003,0,0.0,0.0,0.0008817837951666796,0.02637191439624738,0.012189322543815074,0.01226096677860531,0.5647015395441167,0.42249942461297535,0.2940426936306377,43.52781883007303,5.752440498326905,6.447684940940235,10.000000000001563,,A: TV-GPR + (68)-(69),winds x1.0,0,0.43244804802745473,0.42249942461297535,5.91794753074646
A_windsx1p0_s1,0.25,uw,37,0.55,0.466,0.41000000000000003,0,0.0,0.0,0.0008817837951666796,0.028129080478058517,0.013460825172233595,0.012632829736696464,3.316472111210774,2.6842291167049894,2.4247647052776236,44.11192067924794,5.955091008218005,6.860696949297563,10.000000000001563,,A: TV-GPR + (68)-(69),winds x1.0,1,2.1689197515765386,2.6842291167049894,6.568343162536621
A_windsx1p0_s2,0.25,uw,38,0.53,0.467,0.41000000000000003,0,0.0,0.0,0.0008817837951666796,0.032663454816555026,0.012246488963531796,0.011243552718560276,3.7219046729429777,3.5482135807432864,3.4514133040658446,45.48390300624119,7.307506006327458,9.142328023444863,10.000000000001563,,A: TV-GPR + (68)-(69),winds x1.0,2,2.674235298176986,3.5482135807432864,6.255305767059326
D_calm_s0,0.0,uw,16,1.0150000000000001,0.6375000000000001,0.5700000000000001,0,0.0,1.5,0.003233932382308069,0.002123265388585339,0.0022581425675686447,0.000818985539207574,0.995043759435952,0.9701533374201552,0.8168532286062359,28.083978718699175,10.809723506099544,17.62212013709359,10.000000000001563,,D: GPR + (68)-(69),calm,0,0.003747639831472748,0.9701533374201552,7.219766616821289
D_windsx0p3_s0,0.0,uw,23,0.9400000000000001,0.541,0.47000000000000003,0,0.0,44.55,0.04928124490022012,0.0021691498791743934,0.018071562918175157,0.020633040614441368,0.8895469461151848,0.7438982507077384,0.46606165552523016,26.602031780078978,10.597576008876786,11.993674156838097,10.000000000001563,,D: GPR + (68)-(69),winds x0.3,0,0.19710060173161756,0.7438982507077384,10.27281904220581
D_windsx0p3_s1,0.0,uw,23,0.91,0.54,0.47000000000000003,0,0.0,26.55,0.02277312945097583,0.0021900547863697964,0.012281272039381707,0.015324653253317371,1.476858866979032,0.9671560563806139,0.6562281542850851,26.79980434855211,7.729628996457905,9.408454643562438,10.000000000001563,,D: GPR + (68)-(69),winds x0.3,1,0.6153657245242952,0.9671560563806139,7.587049961090088
D_windsx0p3_s2,0.0,uw,22,0.9,0.5345,0.48,0,0.0,29.049999999999997,0.03159618248854712,0.0022063562395031543,0.01270412113014805,0.01603634102447384,0.9998285443382758,0.9861735924797901,0.6703235645615975,26.843053969012708,6.425337007385679,8.143790109315885,10.000000000001563,,D: GPR + (68)-(69),winds x0.3,2,0.08657341158747442,0.9861735924797901,6.773856163024902
D_windsx0p6_s0,0.0,uw,26,0.795,0.52,0.39,0,0.0,50.4,0.063877304823164,0.002468952908486849,0.02672302139552564,0.027649507227599065,0.7728394725452175,0.7145272175746943,0.4117771572760169,36.88983257939139,6.317953986581415,8.822855510516092,10.000000000001563,,D: GPR + (68)-(69),winds x0.6,0,0.3757763009387588,0.7145272175746943,5.642438650131226
D_windsx0p6_s1,0.0,uw,27,0.74,0.506,0.39,0,0.0,47.9,0.0665592753829427,0.002524587222193936,0.018333046120538453,0.029780711099191063,0.7442245954209507,0.6805089510442802,0.35648685415677495,37.36986857710125,6.155890005175024,8.338072153273968,10.000000000001563,,D: GPR + (68)-(69),winds x0.6,1,0.5796230341451544,0.6805089510442802,6.7497711181640625
D_windsx0p6_s2,0.0,uw,26,0.75,0.49,0.4,0,0.0,38.85,0.08854542012172001,0.0025670014270582067,0.021446301652141002,0.027849722119348448,1.8151349671791934,0.9985803921285783,0.6494149973279854,37.94907097695626,6.696505501167849,7.857371252612211,10.000000000001563,,D: GPR + (68)-(69),winds x0.6,2,0.8495802424576647,0.9985803921285783,5.139554023742676
D_windsx1p0_s0,0.0,uw,30,0.665,0.4545,0.37,0,0.0,39.75,0.06800608740101644,0.0031993685846402387,0.023181942319348586,0.02832162314676045,1.8182636730926234,1.266726947616778,0.9342627610633392,45.65977778338221,5.984266506857239,7.045758344465868,10.000000000001563,,D: GPR + (68)-(69),winds x1.0,0,1.2912485736538803,1.266726947616778,6.591257095336914
D_windsx1p0_s1,0.0,uw,31,0.65,0.44,0.36,0,0.0,41.699999999999996,0.10173218643352222,0.0032923441721849802,0.0299023907949616,0.02137689435273255,3.278884170101976,2.716916173501261,2.493254395710744,46.24211948241058,5.384741991292685,7.2085564985172805,10.000000000001563,,D: GPR + (68)-(69),winds x1.0,1,2.112922208646659,2.716916173501261,5.47571063041687
D_windsx1p0_s2,0.0,uw,31,0.67,0.43500000000000005,0.36,0,0.0,47.349999999999994,0.08077417228024153,0.0031620820313303932,0.026659566525847146,0.02479065842758662,3.855688910102884,3.7009759282188512,3.530745543841287,48.072400048467344,7.295347983017564,10.223318796488455,10.000000000001563,,D: GPR + (68)-(69),winds x1.0,2,2.815182759369946,3.7009759282188512,6.395172834396362
C_calm_s0,0.0,u,16,1.0150000000000001,0.6375000000000001,0.5700000000000001,0,0.0,1.5,0.003233932382308069,0.002123265388585339,0.0022581425675686447,0.000818985539207574,0.995043759435952,0.9701533374201552,0.8168532286062359,28.083978718699175,6.867883013910614,12.746140306990128,10.000000000001563,,C: GPR + (66)-(67),calm,0,0.003747639831472748,0.9701533374201552,8.21453046798706
C_windsx0p3_s0,0.0,u,20,1.1,0.588,0.55,0,0.0,35.3,0.06771073037304776,0.0021704712604262025,0.017124995390744597,0.0281640943609264,0.8895680507999343,0.5878238399289046,0.3834364808917532,26.618896650561492,8.25618849194143,13.30214608227834,10.000000000001563,,C: GPR + (66)-(67),winds x0.3,0,0.2126675413079602,0.5878238399289046,6.392792224884033
C_windsx0p3_s1,0.0,u,19,1.03,0.586,0.55,0,0.0,39.15,0.05926398961297291,0.0022313418421865405,0.030392584136773315,0.02543443093098311,1.2714555578528315,0.9296813304646787,0.6967486739067463,26.814017493335523,6.320196000160649,13.164920839481056,10.000000000001563,,C: GPR + (66)-(67),winds x0.3,1,0.47438135152472527,0.9296813304646787,7.131787538528442
C_windsx0p3_s2,0.0,u,20,0.9450000000000001,0.588,0.55,0,0.0,33.95,0.07138476613684493,0.002240118246636102,0.027164367226791337,0.026214762333791133,1.1768021774677677,0.41090125143215417,0.3009599534489912,26.86891225312456,6.591024008230306,11.026250924624033,10.000000000001563,,C: GPR + (66)-(67),winds x0.3,2,0.22239137747091867,0.41090125143215417,5.2053303718566895
C_windsx0p6_s0,0.0,u,22,0.9400000000000001,0.604,0.5,0,0.0,47.599999999999994,0.2165218122431869,0.002317352853995246,0.02650138141688173,0.05534806401438641,0.8926117696712705,0.7052031860635144,0.45261351884279544,36.661465595186336,6.6754340077750385,8.212188459874595,10.000000000001563,,C: GPR + (66)-(67),winds x0.6,0,0.35161395425011854,0.7052031860635144,5.746295690536499
C_windsx0p6_s1,0.0,u,23,0.8300000000000001,0.602,0.49,0,0.0,42.4,0.19118947667557484,0.002530600014646365,0.01793420525445027,0.04724224540922948,2.2012868393359204,0.9989083680827792,0.693438395863265,37.18136541736283,5.36475601256825,7.07444297906477,10.000000000001563,,C: GPR + (66)-(67),winds x0.6,1,1.3976783352018936,0.9989083680827792,7.7076897621154785
C_windsx0p6_s2,0.0,u,200,0.01,0.01,0.01,178,0.0,43.15,0.15990556178994075,0.001389865523481525,0.02994079708444295,0.05008224933615653,1.0286014107924029,0.20737974308698254,0.20687974308698254,37.84549816485367,3.2749579986557364,7.982828669482835,10.000000000001563,,C: GPR + (66)-(67),winds x0.6,2,0.17155385474141366,0.20737974308698254,7.53006911277771
C_windsx1p0_s0,0.0,u,25,0.79,0.508,0.47000000000000003,0,0.0,36.449999999999996,0.27200599946212567,0.002989979100077619,0.058347146238828286,0.03766487915377408,2.1005750846286957,1.2729038617027226,1.0050274681427498,45.665076457312686,6.783454999094829,13.477377163944759,10.000000000001563,,C: GPR + (66)-(67),winds x1.0,0,1.499509897702834,1.2729038617027226,6.399760484695435
C_windsx1p0_s1,0.0,u,27,0.74,0.505,0.47000000000000003,0,0.0,38.0,0.12827609111832672,0.0032038233728006295,0.03427106804049492,0.03582846445672711,4.165935348002993,2.3605282412984625,2.1211103335756545,46.35025418017329,5.502357002114877,7.8688766731647775,10.000000000001563,,C: GPR + (66)-(67),winds x1.0,1,2.8389128359250884,2.3605282412984625,7.032993793487549
C_windsx1p0_s2,0.0,u,25,0.81,0.48400000000000004,0.46,0,0.0,47.599999999999994,0.28701299034118577,0.0030203707332706526,0.05202460114577927,0.05098804150623724,4.611927769948438,4.299601344947712,4.0966999984278525,48.52426321591451,6.299814995145425,11.157499158289284,10.000000000001563,,C: GPR + (66)-(67),winds x1.0,2,3.3686689109835424,4.299601344947712,8.700837850570679
B_calm_s0,0.0,none,16,1.0150000000000001,0.64,0.58,0,0.0,1.5,0.0032976673513349652,0.002122799150659196,0.0022602601712551715,0.0008183473351496311,0.9950374283425575,0.9701762598117715,0.8166016797497142,28.083978718699175,7.749858996248804,12.468305713264272,10.000000000001563,,B: GPR + (64)-(65),calm,0,0.003753066127130525,0.9701762598117715,5.802714109420776
B_windsx0p3_s0,0.0,none,20,1.125,0.588,0.55,0,0.0,32.800000000000004,0.0701212231389468,0.0021577827449561888,0.02625396375724252,0.027416225636573886,0.676178104724121,0.3859977599931253,0.3004171140944564,26.628448021097547,6.841650989372283,8.10443323745858,10.000000000001563,,B: GPR + (64)-(65),winds x0.3,0,0.27588403923033145,0.3859977599931253,5.7784743309021
B_windsx0p3_s1,0.0,none,19,1.03,0.586,0.55,0,0.0,38.65,0.0592564679555575,0.0022403733130924915,0.03039530385535888,0.02545879933906155,1.2714084928221747,0.9297529811709057,0.6965955987971872,26.820265856627824,6.93546500406228,9.43124116631225,10.000000000001563,,B: GPR + (64)-(65),winds x0.3,1,0.47433692936570715,0.9297529811709057,8.191060781478882
B_windsx0p3_s2,0.0,none,150,0.01,0.01,0.01,128,0.0,35.3,0.10594691735816211,0.0013484422422500356,0.026165010440674572,0.03981844174621122,0.6000374023290226,0.27150130848188725,0.27100130848188725,26.875909305735863,3.61961500311736,10.072202451410684,10.000000000001563,,B: GPR + (64)-(65),winds x0.3,2,0.4195113230392568,0.27150130848188725,6.665734767913818
B_windsx0p6_s0,0.0,none,22,0.94,0.6135,0.49,0,0.0,44.800000000000004,0.2808814771878334,0.0023365973763606195,0.02488221948167236,0.060232165649466776,1.3589212726599436,1.107031081741341,0.8100792976206567,36.496107868557466,6.96581149531994,9.282356414769309,10.000000000001563,,B: GPR + (64)-(65),winds x0.6,0,0.6142359610690769,1.107031081741341,5.487054824829102
B_windsx0p6_s1,0.0,none,103,0.01,0.01,0.01,83,0.0,37.5609756097561,0.20491141164894344,0.001756057986319529,0.014493338019653718,0.045697856556523225,0.14091630928379664,0.0007479320847255892,0.00024793208472558914,37.03905953325798,5.259083001874387,12.474593183142138,10.000000000001563,,B: GPR + (64)-(65),winds x0.6,1,1.0121774682234257,0.0007479320847255892,7.235306262969971
B_windsx0p6_s2,0.0,none,23,0.85,0.61,0.49,0,0.0,39.15,0.08939445595722506,0.0024982313299011017,0.030563350284854497,0.03971508600750872,2.337004840123725,1.1307305003213217,0.852567954372715,37.72764491166427,6.063111999537796,8.339366163709201,10.000000000001563,,B: GPR + (64)-(65),winds x0.6,2,1.2558462737200504,1.1307305003213217,6.001819133758545
B_windsx1p0_s0,0.0,none,25,0.78,0.54,0.47000000000000003,0,0.0,38.550000000000004,0.24959608477555922,0.002947762728685598,0.05665192084475282,0.039164762602090696,2.0957699467012425,1.2664875314855448,0.9873598027531143,45.42613223078338,6.933178985491395,9.365930411731824,10.000000000001563,,B: GPR + (64)-(65),winds x1.0,0,1.4892440700878065,1.2664875314855448,9.036931276321411
B_windsx1p0_s1,0.0,none,27,0.73,0.533,0.47000000000000003,0,0.0,45.050000000000004,0.2691222890327361,0.0033355752065465046,0.060744897897203255,0.03881789039159354,3.9489686148341114,2.3350040062689525,2.064963141983813,46.159514773986295,5.983335984637961,7.684949564863926,10.000000000001563,,B: GPR + (64)-(65),winds x1.0,1,2.742674697793941,2.3350040062689525,5.530250787734985
B_windsx1p0_s2,0.0,none,26,0.795,0.51,0.47000000000000003,0,0.0,51.74999999999999,0.253739257891323,0.00310832071298549,0.05552651311661263,0.050141264414390624,4.885154793068531,3.788223963836684,3.548982263170779,48.40383116642228,7.116742504877038,10.417750498163514,10.000000000001563,,B: GPR + (64)-(65),winds x1.0,2,3.5717919617314484,3.788223963836684,5.764944076538086
