flight,ticks,rate_hz,p50_ms,p99_ms,max_ms,ctrl_us_p50,ctrl_us_max,final_alt,lowest_alt,gaps_pct,events
r5_tuned_1,2000,100.000,9.998,10.093,11.861,135.787,1146.982,1.096,0.987,0.000,
r5_tuned_2,2000,100.000,9.999,10.110,10.280,147.693,2641.556,1.117,1.025,0.000,
r5_tuned_3,2000,99.999,9.999,10.321,10.554,136.587,809.666,1.079,0.981,0.000,
r5_tuned_4,2000,99.999,10.000,10.421,12.347,148.352,3321.213,1.093,0.982,0.000,
r5_tuned_5,2000,100.000,10.000,10.057,10.256,117.881,1000.639,1.058,0.992,0.000,
r6_cpp_1,2000,100.000,10.000,10.036,10.179,4.317,41.062,1.084,1.023,0.000,
r6_cpp_2,2000,100.000,10.000,10.041,11.441,4.583,38.449,1.090,0.949,0.000,
r6_cpp_3,2000,100.000,9.999,10.043,10.126,4.341,36.897,1.084,1.000,0.000,
r6_cpp_4,2000,100.000,10.000,10.036,10.129,4.366,40.088,1.087,1.014,0.000,
r6_cpp_5,2000,100.000,10.000,10.038,10.050,4.332,13.521,1.091,1.011,0.000,
r6_cpp_negtest_1,881,100.000,10.000,10.038,10.150,4.493,40.350,1.372,1.197,0.341,23.82s backup_land
r6_cpp_plannerkill_1,814,100.000,10.000,10.068,10.144,4.421,33.056,1.480,1.257,0.000,
