config,run,ticks,rate_hz,p50_ms,p99_ms,max_ms,late_pct,ctrl_ms,rollout_ms,plan_age_ms,expired_pct,crashed
original,1,128,6.39,207.00,248.99,1286.40,91.34,8.27,190.40,,,True
original,2,117,5.85,212.95,394.23,1345.00,100.00,13.02,188.25,,,True
original,3,124,6.21,209.10,247.90,1371.10,88.62,12.01,185.57,,,True
single_thread,1,490,24.54,10.10,223.22,242.70,19.02,1.38,186.70,219.85,10.61,True
single_thread,2,545,27.21,10.20,220.87,229.10,17.83,1.38,177.73,218.29,8.81,True
single_thread,3,525,26.45,10.10,223.59,237.20,16.60,1.36,185.17,226.33,8.76,True
multi_thread,1,1777,88.84,10.00,40.65,266.10,7.66,1.71,200.90,347.91,71.07,False
multi_thread,2,1711,85.64,10.00,53.97,243.60,6.37,1.63,193.54,343.60,69.14,False
multi_thread,3,1810,90.49,10.10,35.88,91.90,9.51,1.66,164.50,309.57,57.62,True
events_process,1,1998,99.90,10.00,14.22,29.90,0.90,1.32,193.13,330.06,67.27,False
events_process,2,1989,99.45,10.00,12.71,50.40,0.70,1.26,167.08,302.89,73.86,True
events_process,3,1998,99.90,10.00,12.60,32.90,0.15,1.24,179.22,335.22,65.77,True
multi_thread_h3,1,1967,98.35,10.00,19.34,65.50,3.10,1.38,17.84,159.23,7.17,False
multi_thread_h3,2,1988,99.40,10.00,16.80,26.30,1.61,1.22,13.70,140.01,7.34,True
multi_thread_h3,3,1599,79.91,10.15,48.60,159.00,15.77,1.59,30.41,172.30,10.94,False
events_process_h3,1,1996,99.80,10.00,17.01,31.60,3.01,1.09,24.70,160.53,13.08,True
events_process_h3,2,1997,99.85,10.00,14.10,46.00,0.70,1.45,27.36,172.96,13.02,False
events_process_h3,3,1997,99.85,10.00,12.11,43.90,0.20,1.32,32.10,195.12,13.92,False
